Desert name,Date,Price(In dollar),Details,Rating
"Mhamid, Morocco",May 1 – 29,479.00,Near Sahara Desert,4.79
"Aqaba City, Jordan",May 1 – 29,"2,168.00",Near Arabian Desert,4.92
"Tamesluht, Morocco",May 1 – 29,"17,752.00","9,404 kilometers away",4.95
"Al Bairat, Egypt",May 1 – 29,"1,982.00",Near Sahara Desert,4.88
"Tamesluht, Morocco",May 1 – 29,"17,752.00","9,404 kilometers away",4.87
"Mitzpe Ramon, Israel",May 1 – 29,"2,502.00",Near Arabian Desert,4.81
"M'Hamid El Ghizlane, Morocco",May 1 – 29,415.00,Near Sahara Desert,4.81
"Tinghir, Morocco",May 1 – 29,"1,346.00",Near Sahara Desert,4.92
"Skoura, Morocco",May 1 – 29,928.00,"9,293 kilometers away",4.91
"MA, Morocco",May 1 – 29,857.00,Near Sahara Desert,4.86
"Mitzpe Ramon, Israel",May 1 – 29,"2,945.00",Near Arabian Desert,4.81
"Wadi Rum, Jordan",May 1 – 29,898.00,Near Arabian Desert,4.84
"Jaisalmer, India",May 1 – 29,449.00,Near Thar Desert,4.79
"Siwa, Egypt",May 1 – 29,991.00,Near Sahara Desert,4.9
"Merzouga, Morocco",May 1 – 29,"2,937.00",Near Sahara Desert,4.83
"Essaouira, Morocco",May 1 – 29,"5,386.00","9,536 kilometers away",4.9
"Jaisalmer, India",May 1 – 29,284.00,Near Thar Desert,4.86
"Tzofar, Israel",May 1 – 29,"1,821.00",Near Arabian Desert,4.77
"Ait Bihi, Morocco",May 1 – 29,"1,096.00","9,586 kilometers away",4.94
"Jaisalmer, India",May 1 – 29,677.00,Near Thar Desert,4.79
"Al Bairat, Egypt",May 5 – Jun 2,"1,670.00",Near Sahara Desert,5
"Órzola, Spain",May 1 – 29,"2,396.00","9,976 kilometers away",4.9
"Hassilabied, Morocco",May 1 – 29,970.00,Near Sahara Desert,4.94
"Aglou, Morocco",May 1 – 29,"2,792.00","9,637 kilometers away",5
"Takojt, Morocco",May 1 – 29,371.00,Near Sahara Desert,5
"Ouarzazate, Morocco",May 1 – 29,530.00,"9,327 kilometers away",4.67
"Wadi Rum Village, Jordan",May 1 – 29,823.00,Near Arabian Desert,5
"Marrakech, Morocco",May 1 – 29,"3,561.00","9,391 kilometers away",4.94
"Wadi Rum Village, Jordan",May 1 – 29,898.00,Near Arabian Desert,4.86
"M'Hamid El Ghizlane, Morocco",May 1 – 29,340.00,Near Sahara Desert,5
"Tamesluht, Morocco",May 1 – 29,"12,800.00","9,406 kilometers away",4.77
"Mhamid, Morocco",May 1 – 29,179.00,Near Sahara Desert,4.89
"Arad, Israel",May 1 – 29,"3,737.00",Near Arabian Desert,4.82
"Merzouga, Morocco",May 1 – 29,840.00,Near Sahara Desert,4.98
"Mhamid, Morocco",May 1 – 29,"1,145.00",Near Sahara Desert,4.87
"???????, Morocco",May 1 – 29,"1,149.00","9,586 kilometers away",4.96
"Wadi Rum Village, Jordan",May 1 – 29,294.00,Near Arabian Desert,4.89
"Marrakesh, Morocco",May 1 – 29,"7,515.00","9,414 kilometers away",4.94
"Triopetra, Greece",May 1 – 29,"3,209.00","6,390 kilometers away",4.82
"Ksar Bounou (Oasis de M´hamid Alguizlane ), Morocco",May 1 – 29,285.00,Near Sahara Desert,4.95
"????, Israel",May 1 – 29,"2,082.00",Near Arabian Desert,4.88
"Arad, Israel",May 1 – 29,"1,734.00",Near Arabian Desert,5
"???? ?????, Egypt",May 1 – 29,598.00,Near Arabian Desert,4.94
"Midreshet Ben-Gurion, Israel",May 1 – 29,"2,994.00",Near Arabian Desert,5
"M'HAMID, Morocco",May 1 – 29,305.00,Near Sahara Desert,4.86
"Hassilabied, Morocco",May 1 – 29,997.00,Near Sahara Desert,4.76
"Khuri, India",May 1 – 29,375.00,Near Thar Desert,4.82
"???? ???? ??, Jordan",May 1 – 29,279.00,Near Arabian Desert,4.83
"Mhamid, Morocco",May 1 – 29,731.00,Near Sahara Desert,4.92
"Tamesluht, Morocco",May 1 – 29,"17,752.00","9,404 kilometers away",5
"Tamesluht, Morocco",May 1 – 29,"10,473.00","9,406 kilometers away",4.85
"Kalya, Israel",May 1 – 29,"7,228.00",Near Syrian Desert,5
"Birkat al Maraqi, Egypt",May 1 – 29,249.00,Near Sahara Desert,5
"Aqaba, Jordan",May 1 – 29,"2,061.00",Near Arabian Desert,5
"Luxor, Egypt",May 1 – 29,347.00,Near Sahara Desert,5
"Jaisalmer, India",May 1 – 29,562.00,Near Thar Desert,4.88
"Oued El Khil, Tunisia",May 1 – 29,749.00,Near Sahara Desert,4.94
"Mhamid, Morocco",May 1 – 29,207.00,Near Sahara Desert,5
"commune rurale Fritissa, Morocco",May 1 – 29,587.00,"8,935 kilometers away",5
"Tiznit, Morocco",May 1 – 29,"7,687.00","9,635 kilometers away",5
"Wadi Rum Village, Jordan",May 1 – 29,368.00,Near Arabian Desert,5
"Hassilabied, Morocco",May 1 – 29,822.00,Near Sahara Desert,5
"Fint, Morocco",May 1 – 29,831.00,"9,328 kilometers away",4.67
"Arad, Israel",May 1 – 29,"8,080.00",Near Arabian Desert,5
"Tamesluht, Morocco",May 1 – 29,"10,473.00","9,406 kilometers away",5
"Marrakech Alentours, Morocco",May 1 – 29,"35,293.00","9,379 kilometers away",5
"Merzouga, Morocco",May 1 – 29,877.00,Near Sahara Desert,5
"Zagora, Morocco",May 1 – 29,256.00,Near Sahara Desert,5
"Hassilabied, Morocco",May 1 – 29,263.00,Near Sahara Desert,4.67
"Es Sabria, Tunisia",May 1 – 29,932.00,Near Sahara Desert,4.62
"MA, Morocco",May 1 – 29,542.00,Near Sahara Desert,4.78
"Al Ula, Saudi Arabia",May 1 – 29,"16,519.00",Near Arabian Desert,4.87
"Nazlet El-Semman, Egypt",May 1 – 29,"1,370.00",Near Sahara Desert,4.63
"Douz, Tunisia",May 1 – 29,"1,896.00",Near Sahara Desert,4.78
"Arad, Israel",May 1 – 29,"4,209.00",Near Arabian Desert,4.78
"Jaisalmer, India",May 1 – 29,449.00,Near Thar Desert,4.74
"Zagora, Morocco",May 1 – 29,190.00,Near Sahara Desert,4.76
"Hassilabied, Morocco",May 1 – 29,455.00,Near Sahara Desert,4.73
"Zagora, Morocco",May 1 – 29,798.00,Near Sahara Desert,4.52
"Merzouga, Morocco",May 1 – 29,780.00,Near Sahara Desert,4.79
"Tinghir, Morocco",May 1 – 29,"1,346.00",Near Sahara Desert,4.67
"Siwa Oasis, Egypt",May 1 – 29,867.00,Near Sahara Desert,4.7
"Zagora, Morocco",May 1 – 29,466.00,Near Sahara Desert,4.67
"Zagora, Morocco",May 1 – 29,425.00,Near Sahara Desert,4.43
"Jaisalmer, India",May 1 – 29,"1,198.00",Near Thar Desert,4.52
"Marrakech, Morocco",May 1 – 29,648.00,"9,390 kilometers away",4.76
"Qesm Siwah, Egypt",May 1 – 29,790.00,Near Sahara Desert,4.76
"Aoufous, Morocco",May 1 – 29,663.00,Near Sahara Desert,4.75
"Wadi Rum Village, Jordan",May 1 – 29,244.00,Near Arabian Desert,4.5
"Marrakech, Morocco",May 1 – 29,"3,061.00","9,391 kilometers away",4.83
"Sam, India",May 1 – 29,628.00,Near Thar Desert,4.23
"Hassilabied, Morocco",May 1 – 29,"1,515.00",Near Sahara Desert,4.76
"Kfar Adumim, Israel",May 1 – 29,"4,248.00",Near Syrian Desert,4.59
"Essaouira, Morocco",May 1 – 29,"8,977.00","9,536 kilometers away",4.89
"Stavros, Greece",May 1 – 29,"9,601.00","6,425 kilometers away",4.57
"Merzouga, Morocco",May 1 – 29,812.00,Near Sahara Desert,4.84
"Dahab, Egypt",May 1 – 29,"1,512.00",Near Arabian Desert,4.76
"Ouarzazate, Morocco",May 1 – 29,897.00,"9,349 kilometers away",4.68
"Tamesluht, Morocco",May 1 – 29,"10,473.00","9,406 kilometers away",4.38
"Merzouga, Morocco",May 1 – 29,"2,061.00",Near Sahara Desert,4.51
"Boumalne Dades, Morocco",May 1 – 29,"2,359.00",Near Sahara Desert,4.5
"Hassilabied, Morocco",May 1 – 29,"1,184.00",Near Sahara Desert,4.71
"Bawity, Egypt",May 1 – 29,"1,239.00",Near Sahara Desert,4.75
"Wadi rum, Jordan",May 1 – 29,217.00,Near Arabian Desert,4.7
"Nador, Morocco",May 1 – 29,"1,225.00","8,770 kilometers away",4.62
"Hassilabied, Morocco",May 1 – 29,426.00,Near Sahara Desert,4.67
"Ezuz, Israel",May 1 – 29,"5,545.00",Near Arabian Desert,4
"Mhamid, Morocco",May 1 – 29,744.00,Near Sahara Desert,4.56
"Mhamid, Morocco",May 1 – 29,565.00,Near Sahara Desert,4.67
"Wadi Rum Village, Jordan",May 1 – 29,232.00,Near Arabian Desert,4.68
"Merzouga, Morocco",May 1 – 29,299.00,Near Sahara Desert,4.82
"Zagora, Morocco",May 1 – 29,220.00,Near Sahara Desert,4.6
"M'Hamid El Ghizlane, Morocco",May 1 – 29,764.00,Near Sahara Desert,4.3
"Mhamid, Morocco",May 1 – 29,"1,163.00",Near Sahara Desert,4.5
"Khamlia, Morocco",May 1 – 29,"1,442.00",Near Sahara Desert,3.67
"Ouarzazate, Morocco",May 1 – 29,"2,326.00","9,341 kilometers away",4.68
"Jaisalmer, India",May 1 – 29,"1,310.00",Near Thar Desert,4.71
"Wadi Rum Village, Jordan",May 1 – 29,350.00,Near Arabian Desert,4.71
"Zagora, Morocco",May 1 – 29,930.00,Near Sahara Desert,4.25
"Quairah District, Jordan",May 1 – 29,155.00,Near Arabian Desert,4.84
"Jaisalmer, India",May 1 – 29,"2,039.00",Near Thar Desert,4.2
"Wadi Rum Village, Jordan",May 1 – 29,294.00,Near Arabian Desert,4.5
"Merzouga, Morocco",May 1 – 29,"2,966.00",Near Sahara Desert,4.11
"Mhamid, Morocco",May 1 – 29,295.00,Near Sahara Desert,4.53
"Jaisalmer, India",May 1 – 29,233.00,Near Thar Desert,3.67
"Ouled Arbia, Morocco",May 1 – 29,"2,758.00","9,295 kilometers away",4.15
"Merzouga, Morocco",May 1 – 29,"1,848.00",Near Sahara Desert,4
"Bikaner, India",May 1 – 29,"1,514.00",Near Thar Desert,4.67
"Tighza/Telouet, Morocco",May 1 – 29,523.00,"9,328 kilometers away",4.47
"Merzouga, Morocco",May 1 – 29,989.00,Near Sahara Desert,4.74
"Aqaba City, Jordan",May 1 – 29,341.00,Near Arabian Desert,4.64
"Marrakesh, Morocco",May 1 – 29,"2,612.00","9,391 kilometers away",4.67
"Taghia, Morocco",May 1 – 29,580.00,"9,215 kilometers away",4.63
"Mhamid, Morocco",May 1 – 29,665.00,Near Sahara Desert,4.58
"Merzouga,Morocco, Morocco",May 1 – 29,"1,330.00",Near Sahara Desert,4.76
"Mhamid, Morocco",May 1 – 29,155.00,Near Sahara Desert,4.87
"Hassilabied, Morocco",May 1 – 29,"2,534.00",Near Sahara Desert,4.52
"Kanoi, India",May 1 – 29,"2,353.00",Near Thar Desert,4.82
"Merzouga, Morocco",May 1 – 29,537.00,Near Sahara Desert,4.75
"erg chebbi, Morocco",May 1 – 29,"1,115.00",Near Sahara Desert,4.83
"Zagora, Morocco",May 1 – 29,"1,163.00",Near Sahara Desert,4.82
"Merzouga, Morocco",May 1 – 29,"2,991.00",Near Sahara Desert,4.71
"Wadi Rum Village, Jordan",May 1 – 29,350.00,Near Arabian Desert,4.6
"Quairah District, Jordan",May 1 – 29,374.00,Near Arabian Desert,4.77
"Bawity, Egypt",May 1 – 29,"1,549.00",Near Sahara Desert,4.67
"Mhamid, Morocco",May 1 – 29,339.00,Near Sahara Desert,4.17
"Ghewara, India",May 1 – 29,"1,049.00",Near Thar Desert,4.53
"Merzouga, Morocco",May 1 – 29,399.00,Near Sahara Desert,4.58
"Province de Ouarzazate, Morocco",May 1 – 29,509.00,"9,336 kilometers away",4.59
"Quairah District, Jordan",May 1 – 29,"1,260.00",Near Arabian Desert,4.66
"Agdz, Morocco",May 1 – 29,819.00,Near Sahara Desert,4.67
"Jaisalmer, India",May 1 – 29,"1,523.00",Near Thar Desert,4.75
"Qesm Siwah, Egypt",May 1 – 29,"2,369.00",Near Sahara Desert,4.74
"Merzouga, Morocco",May 1 – 29,"2,425.00",Near Sahara Desert,4.86
"Marrakesh, Morocco",May 1 – 29,"2,326.00",Near Sahara Desert,4.76
"Zagora, Morocco",May 1 – 29,"3,153.00",Near Sahara Desert,4.67
"Jaisalmer, India",May 1 – 29,"2,039.00",Near Thar Desert,4.46
"Zagora, Morocco",May 1 – 29,"2,542.00",Near Sahara Desert,4.69
"Khamlia, Morocco",May 1 – 29,"1,442.00",Near Sahara Desert,4.69
"Marrakesh, Morocco",May 1 – 29,"2,922.00","9,391 kilometers away",3.5
"Erg Chebbi, Morocco",May 1 – 29,"9,969.00",Near Sahara Desert,4.86
"Wadi Rum Village, Jordan",May 1 – 29,"1,260.00",Near Arabian Desert,4.74
"Todra River, Morocco",May 1 – 29,335.00,Near Sahara Desert,4.82
"Mhamid, Morocco",May 1 – 29,"1,163.00",Near Sahara Desert,4.63
"Mhamid, Morocco",May 1 – 29,392.00,Near Sahara Desert,4.58
"Jaisalmer, India",May 1 – 29,"1,252.00",Near Thar Desert,4.6
"Mhamid, Morocco",May 1 – 29,759.00,Near Sahara Desert,4.56
"Hassilabied, Morocco",May 1 – 29,"1,188.00",Near Sahara Desert,4.38
"Wadi Rum Village, Jordan",May 1 – 29,339.00,Near Arabian Desert,None
"Wadi Rum Village, Jordan",May 1 – 29,836.00,Near Arabian Desert,None
"Mhamid, Morocco",May 1 – 29,"1,163.00",Near Sahara Desert,None
"Mhamid, Morocco",May 1 – 29,"1,330.00",Near Sahara Desert,None
"Mhamid, Morocco",May 1 – 29,"1,371.00",Near Sahara Desert,None
"Marrakesh, Morocco",May 19 – Jun 16,"51,071.00","9,412 kilometers away",None
"Mhamid, Morocco",May 1 – 29,"1,196.00",Near Sahara Desert,None
"Tagounite, Morocco",May 1 – 29,997.00,Near Sahara Desert,None
"merzouga, Morocco",May 1 – 29,276.00,Near Sahara Desert,None
"Zagora, Morocco",May 1 – 29,"1,469.00",Near Sahara Desert,None
"Merzouga, Morocco",May 1 – 29,"7,976.00",Near Sahara Desert,None
"Wadi Rum Village, Jordan",May 1 – 29,"1,993.00",Near Arabian Desert,None
"Essaouira, Morocco",May 1 – 29,"5,386.00","9,536 kilometers away",None
"Santorini, Greece",May 1 – 29,"7,477.00","6,291 kilometers away",None
"Oumnass, Morocco",May 1 – 29,"3,745.00","9,405 kilometers away",None
"Marrakesh, Morocco",May 1 – 29,"8,307.00","9,373 kilometers away",None
"Essaouira, Morocco",May 1 – 29,"5,386.00","9,536 kilometers away",None
"Marrakesh, Morocco",May 5 – Jun 2,"19,440.00","9,387 kilometers away",None
"?????Marrakech, Morocco",May 1 – 29,"49,610.00","9,406 kilometers away",None
"Marrakech, Morocco",May 1 – 29,"5,360.00","9,389 kilometers away",None
"Tidzi, Morocco",May 1 – 29,"6,320.00","9,548 kilometers away",None
"Aqaba City, Jordan",May 1 – 29,706.00,Near Arabian Desert,None
"Ait Bihi, Morocco",May 1 – 29,"1,303.00","9,586 kilometers away",None
"Ouarzazate, Morocco",May 1 – 29,231.00,"9,329 kilometers away",None
"Tamesluht, Morocco",May 1 – 29,"17,752.00","9,404 kilometers away",None
"Aït Ben Haddou, Morocco",May 1 – 29,615.00,"9,341 kilometers away",None
"Wadi Rum Village, Jordan",May 1 – 29,396.00,Near Arabian Desert,None
"Aït Ben Haddou, Morocco",May 1 – 29,493.00,"9,341 kilometers away",None
"Ouarzazate, Morocco",May 1 – 29,"1,553.00","9,327 kilometers away",None
"Ait Bihi, Morocco",May 1 – 29,"1,063.00","9,586 kilometers away",None
"Ovnat , Israel",May 1 – 29,"3,094.00",Near Syrian Desert,None
"Ouarzazate, Morocco",May 1 – 29,296.00,"9,329 kilometers away",None
"Essaouira, Morocco",May 1 – 29,"5,386.00","9,536 kilometers away",None
"Faiyum, Egypt",May 1 – 29,"1,239.00",Near Sahara Desert,None
"Marrakech, Morocco",May 1 – 29,"9,969.00","9,384 kilometers away",None
"Mhamid, Morocco",May 1 – 29,532.00,Near Sahara Desert,None
"Merzouga , Morocco",May 1 – 29,665.00,Near Sahara Desert,None
"Mhamid, Morocco",May 1 – 29,375.00,Near Sahara Desert,None
"Ezuz, Israel",May 1 – 29,"2,635.00",Near Arabian Desert,None
"Es Sabria, Tunisia",May 1 – 29,954.00,Near Sahara Desert,None
"Jaisalmer Rural, India",May 1 – 29,393.00,Near Thar Desert,None
"Errachidia Province, Morocco",May 1 – 29,455.00,Near Sahara Desert,None
"Ma'an Governorate, Jordan",May 1 – 29,"1,993.00",Near Syrian Desert,None
"Boumalne Dades, Morocco",May 1 – 29,658.00,Near Sahara Desert,None
"Nuweibaa, Egypt",May 1 – 29,496.00,Near Arabian Desert,None
"Zagora, Morocco",May 1 – 29,918.00,Near Sahara Desert,None
"Aït Benhaddou, Morocco",May 1 – 29,"1,455.00","9,340 kilometers away",None
"Petra, Jordan, Jordan",May 1 – 29,687.00,Near Syrian Desert,None
"Wadi Rum Village, Jordan",May 1 – 29,465.00,Near Arabian Desert,None
"Essaouira, Morocco",May 1 – 29,"5,386.00","9,536 kilometers away",None
"Palea Agia Roumeli, Greece",May 1 – 29,851.00,"6,442 kilometers away",None
"Mhamid, Morocco",May 1 – 29,582.00,Near Sahara Desert,None
"Zagora, Morocco",May 1 – 29,657.00,Near Sahara Desert,None
"Órzola, Spain",May 1 – 29,"2,662.00","9,976 kilometers away",None
"Douz, Tunisia",May 1 – 29,"1,526.00",Near Sahara Desert,None
"Telouet, Morocco",May 1 – 29,404.00,"9,331 kilometers away",None
"Tinghir, Morocco",May 1 – 29,665.00,Near Sahara Desert,None
"Assouan, Aswan, Egypt",May 1 – 29,929.00,Near Sahara Desert,None
"Kathodi, India",May 1 – 29,184.00,Near Thar Desert,None
"Ouarzazate, Morocco",May 1 – 29,464.00,"9,340 kilometers away",None
"Abu AR Rish Qebli, Egypt",May 1 – 29,"1,163.00",Near Sahara Desert,None
"Merzouga, Morocco",May 1 – 29,463.00,Near Sahara Desert,None
"Wadi Rum Village, Jordan",May 1 – 29,178.00,Near Arabian Desert,None
"Demnat, Morocco",May 1 – 29,947.00,"9,296 kilometers away",None
"Quairah District, Jordan",May 1 – 29,501.00,Near Arabian Desert,None
"Petra - Wadi Musa, Jordan",May 1 – 29,"1,041.00",Near Syrian Desert,None
"Aït Ben Haddou, Morocco",May 1 – 29,590.00,"9,337 kilometers away",None
"Wadi Rum Village, Jordan",May 1 – 29,"1,053.00",Near Arabian Desert,None
"Quairah District, Jordan",May 1 – 29,155.00,Near Arabian Desert,None
"Rissani, Morocco",May 1 – 29,396.00,Near Sahara Desert,None
"Mhamid, Morocco",May 1 – 29,951.00,Near Sahara Desert,None
"Wadi Rum Village, Jordan",May 1 – 29,786.00,Near Arabian Desert,None
"Awrir , Morocco",May 1 – 29,"5,951.00","9,584 kilometers away",None
"Ras al-Khaimah , UAE",May 1 – 29,"3,038.00",Near Arabian Desert,None
"Merzouga, Morocco",May 1 – 29,"1,202.00",Near Sahara Desert,None
"??????????, Morocco",May 1 – 29,898.00,Near Sahara Desert,None
"Charco del Palo, Spain",May 1 – 29,"1,958.00","9,983 kilometers away",None
"Nijar (Almería), Spain",May 1 – 29,"2,663.00","8,657 kilometers away",None
"Mogán, Spain",May 1 – 29,"2,383.00","10,246 kilometers away",None
"Alhaurín el Grande, Spain",May 1 – 29,"12,816.00","8,891 kilometers away",None
"Níjar, Spain",May 1 – 29,"1,165.00","8,668 kilometers away",None
"Las Palmas, Spain",May 1 – 29,"3,605.00","10,057 kilometers away",None
"Swakopmund, Namibia",May 1 – 29,"6,894.00","9,682 kilometers away",None
"Antigua, Spain",May 1 – 29,"3,515.00","10,066 kilometers away",None
"Tarajalejo, Spain",May 1 – 29,"1,982.00","10,083 kilometers away",None
"Loxton, South Africa",May 1 – 29,"1,331.00","9,530 kilometers away",None
"Tarajalejo, Spain",May 1 – 29,"1,164.00","10,083 kilometers away",None
"Pozo de los Frailes, Spain",May 1 – 29,"3,140.00","8,667 kilometers away",None
"Tarajalejo, Spain",May 1 – 29,"1,898.00","10,083 kilometers away",None
"Palm-Mar, Spain",May 1 – 29,"8,230.00","10,319 kilometers away",None
"Las Hortichuelas, Spain",May 1 – 29,"1,767.00","8,658 kilometers away",None
"La Isleta del Moro, Spain",May 1 – 29,"2,329.00","8,662 kilometers away",None
"Tabernas, Spain",May 1 – 29,"1,327.00","8,681 kilometers away",None
"Caleta de Famara, Spain",May 1 – 29,"3,733.00","9,991 kilometers away",None
"Antas, Spain",May 1 – 29,"4,387.00","8,634 kilometers away",None
"El Roque, Spain",May 1 – 29,696.00,"10,050 kilometers away",None
"Tabernas, Spain",May 1 – 29,"2,064.00","8,681 kilometers away",None
"Cuevas del Almanzora, Spain",May 1 – 29,998.00,"8,631 kilometers away",None
"Tarajalejo, Spain",May 1 – 29,"1,898.00","10,083 kilometers away",None
"Montaña de Tindaya, Spain",May 1 – 29,"1,139.00","10,054 kilometers away",None
"El Pozo de los Frailes, Spain",May 1 – 29,"2,227.00","8,668 kilometers away",None
"Yaiza, Spain",May 1 – 29,"6,695.00","10,019 kilometers away",None
"Arrieta, Spain",May 1 – 29,"1,597.00","9,981 kilometers away",None
"Las Casitas, Spain",May 1 – 29,"17,481.00","10,017 kilometers away",None
"sceale bay, Australia",May 1 – 29,"4,699.00","7,821 kilometers away",None
"Caleta/Teguise, Spain",May 1 – 29,"1,869.00","9,993 kilometers away",None
"Bidiyah, Oman",May 1 – 29,"1,054.00",Near Arabian Desert,None
"Haría Lanzarote, Spain",May 1 – 29,"5,117.00","9,981 kilometers away",None
"Tefia , Spain",May 1 – 29,"2,326.00","10,058 kilometers away",None
"El Pozo de los Frailes, Spain",May 1 – 29,"2,994.00","8,668 kilometers away",None
"Tarajalejo, Spain",May 1 – 29,"1,616.00","10,083 kilometers away",None
"Las Palmas, Spain",May 1 – 29,"1,872.00","10,055 kilometers away",None
